0,2020-12-11 13:03:58,18.49,66.96
0,2020-12-11 13:04:00,18.49,66.96
0,2020-12-11 13:04:01,18.49,66.96
0,2020-12-11 13:04:03,18.49,66.96
0,2020-12-11 13:04:05,18.49,66.96
0,2020-12-11 13:04:06,18.49,66.96
0,2020-12-11 13:04:08,18.49,66.96
0,2020-12-11 13:04:10,18.49,66.96
0,2020-12-11 13:04:11,18.49,66.96
0,2020-12-11 13:04:13,18.49,66.96
0,2020-12-11 13:04:15,18.49,66.96
0,2020-12-11 13:04:17,18.49,66.96
0,2020-12-11 13:04:18,18.50,66.96
0,2020-12-11 13:05:22,18.50,66.92
0,2020-12-11 13:05:24,18.50,66.92
0,2020-12-11 13:05:25,18.50,66.92
0,2020-12-11 13:05:27,18.50,66.92
0,2020-12-11 13:05:29,18.50,66.92
0,2020-12-11 13:05:31,18.50,66.92
0,2020-12-11 13:05:33,18.50,66.92
0,2020-12-11 13:05:35,18.50,66.92
0,2020-12-11 13:05:36,18.50,66.92
0,2020-12-11 13:05:38,18.50,66.92
0,2020-12-11 13:05:40,18.50,66.92
0,2020-12-11 13:05:42,18.50,66.92
0,2020-12-11 13:05:44,18.50,66.92
0,2020-12-11 13:05:45,18.50,66.92
0,2020-12-11 13:05:47,18.50,66.92
0,2020-12-11 13:05:49,18.50,66.92
0,2020-12-11 13:05:51,18.50,66.92
0,2020-12-11 13:05:52,18.50,66.92
0,2020-12-11 13:05:54,18.50,66.92
0,2020-12-11 13:05:55,18.50,66.92
0,2020-12-11 13:05:57,18.50,66.92
0,2020-12-11 13:05:59,18.50,66.92
0,2020-12-11 13:06:00,18.50,66.92
0,2020-12-11 13:06:02,18.49,66.92
0,2020-12-11 13:06:04,18.49,66.92
0,2020-12-11 13:06:06,18.50,66.92
0,2020-12-11 13:06:08,18.50,66.92
0,2020-12-11 13:06:09,18.50,66.92
0,2020-12-11 13:06:11,18.50,66.92
0,2020-12-11 13:06:13,18.50,66.92
0,2020-12-11 13:06:14,18.50,66.92
0,2020-12-11 13:06:16,18.50,66.92
0,2020-12-11 13:06:18,18.50,66.92
0,2020-12-11 13:06:19,18.50,66.92
0,2020-12-11 13:06:21,18.50,66.90
0,2020-12-11 13:06:22,18.50,66.90
0,2020-12-11 13:06:24,18.50,66.90
0,2020-12-11 13:06:26,18.50,66.88
0,2020-12-11 13:06:27,18.50,66.88
0,2020-12-11 13:06:29,18.50,66.88
0,2020-12-11 13:06:31,18.50,66.88
0,2020-12-11 13:06:32,18.50,66.88
0,2020-12-11 13:06:34,18.50,66.88
0,2020-12-11 13:06:35,18.50,66.86
0,2020-12-11 13:06:37,18.50,66.86
0,2020-12-11 13:06:38,18.50,66.86
0,2020-12-11 13:06:40,18.50,66.86
0,2020-12-11 13:06:42,18.50,66.86
0,2020-12-11 13:06:43,18.50,66.88
0,2020-12-11 13:06:45,18.49,66.88
0,2020-12-11 13:06:47,18.49,66.88
0,2020-12-11 13:06:48,18.49,66.88
0,2020-12-11 13:06:50,18.49,66.88
0,2020-12-11 13:06:52,18.49,66.88
0,2020-12-11 13:06:56,18.49,66.90
0,2020-12-11 13:07:00,18.49,66.90
0,2020-12-11 13:07:03,18.49,66.90
0,2020-12-11 13:07:06,18.48,66.90
0,2020-12-11 13:07:10,18.48,66.90
0,2020-12-11 13:07:13,18.48,66.90
0,2020-12-11 13:07:17,18.48,66.90
0,2020-12-11 13:07:20,18.47,66.90
0,2020-12-11 13:07:23,18.48,66.90
0,2020-12-11 13:07:26,18.48,66.90
0,2020-12-11 13:07:30,18.48,66.90
0,2020-12-11 13:07:33,18.48,66.92
0,2020-12-11 13:07:37,18.48,66.92
0,2020-12-11 13:07:40,18.48,66.92
0,2020-12-11 13:07:43,18.48,66.92
0,2020-12-11 13:07:47,18.48,66.92
0,2020-12-11 13:07:50,18.48,66.92
0,2020-12-11 13:07:53,18.48,66.92
0,2020-12-11 13:07:57,18.47,66.92
0,2020-12-11 13:08:00,18.47,66.92
0,2020-12-11 13:08:03,18.47,66.92
0,2020-12-11 13:08:06,18.47,66.92
0,2020-12-11 13:08:09,18.47,66.92
0,2020-12-11 13:08:12,18.47,66.92
0,2020-12-11 13:08:15,18.46,66.92
0,2020-12-11 13:08:18,18.46,66.92
0,2020-12-11 13:08:21,18.46,66.92
0,2020-12-11 13:08:24,18.46,66.92
0,2020-12-11 13:08:27,18.46,66.92
0,2020-12-11 13:08:30,18.46,66.92
0,2020-12-11 13:08:33,18.46,66.92
0,2020-12-11 13:08:36,18.46,66.92
0,2020-12-11 13:08:39,18.46,66.92
0,2020-12-11 13:08:42,18.46,66.92
0,2020-12-11 13:08:45,18.46,66.92
0,2020-12-11 13:08:48,18.46,66.92
0,2020-12-11 13:08:51,18.46,66.92
0,2020-12-11 13:08:55,18.46,66.92
0,2020-12-11 13:08:58,18.47,66.92
0,2020-12-11 13:09:01,18.48,66.92
0,2020-12-11 13:09:04,18.48,66.92
0,2020-12-11 13:09:07,18.48,66.92
0,2020-12-11 13:09:11,18.48,66.92
0,2020-12-11 13:09:14,18.48,66.92
0,2020-12-11 13:09:16,18.48,66.92
0,2020-12-11 13:09:20,18.47,66.92
0,2020-12-11 13:09:28,18.47,66.92
0,2020-12-11 13:09:31,18.47,66.92
0,2020-12-11 13:09:35,18.47,66.92
0,2020-12-11 13:09:37,18.47,66.92
0,2020-12-11 13:09:41,18.47,66.92
0,2020-12-11 13:09:44,18.47,66.92
0,2020-12-11 13:09:47,18.47,66.92
0,2020-12-11 13:09:51,18.47,66.92
0,2020-12-11 13:09:54,18.47,66.92
0,2020-12-11 13:09:57,18.47,66.92
0,2020-12-11 13:10:00,18.47,66.92
0,2020-12-11 13:10:04,18.47,66.92
0,2020-12-11 13:10:07,18.47,66.92
0,2020-12-11 13:10:10,18.47,66.92
0,2020-12-11 13:10:13,18.47,66.92
0,2020-12-11 13:24:30,18.42,66.94
0,2020-12-11 13:24:32,18.42,66.94
0,2020-12-11 13:24:33,18.42,66.94
0,2020-12-11 13:24:35,18.42,66.94
0,2020-12-11 13:24:37,18.42,66.94
0,2020-12-11 13:24:38,18.42,66.94
0,2020-12-11 13:24:40,18.42,66.94
0,2020-12-11 13:24:41,18.42,66.94
0,2020-12-11 13:24:44,18.42,66.94
0,2020-12-11 13:24:45,18.42,66.94
0,2020-12-11 13:24:47,18.42,66.94
0,2020-12-11 13:24:49,18.42,66.94
0,2020-12-11 13:24:51,18.42,66.94
0,2020-12-11 13:24:52,18.42,66.94
0,2020-12-11 13:24:54,18.42,66.94
0,2020-12-11 13:24:55,18.42,66.94
0,2020-12-11 13:24:57,18.42,66.94
0,2020-12-11 13:24:59,18.42,66.94
0,2020-12-11 13:25:01,18.42,66.94
0,2020-12-11 13:25:02,18.42,66.94
0,2020-12-11 13:25:04,18.42,66.94
0,2020-12-11 13:25:06,18.42,66.94
0,2020-12-11 13:25:07,18.42,66.94
0,2020-12-11 13:25:09,18.42,66.94
0,2020-12-11 13:25:11,18.42,66.94
0,2020-12-11 13:25:12,18.42,66.94
0,2020-12-11 13:25:14,18.42,66.94
0,2020-12-11 13:25:16,18.42,66.94
0,2020-12-11 13:25:18,18.42,66.94
0,2020-12-11 13:25:19,18.42,66.94
0,2020-12-11 13:25:21,18.42,66.94
0,2020-12-11 13:25:23,18.42,66.94
0,2020-12-11 13:25:25,18.42,66.94
0,2020-12-11 13:25:26,18.42,66.94
0,2020-12-11 13:25:28,18.42,66.94
0,2020-12-11 13:25:29,18.42,66.94
0,2020-12-11 13:25:31,18.42,66.94
0,2020-12-11 13:25:33,18.42,66.94
0,2020-12-11 13:25:35,18.42,66.94
0,2020-12-11 13:25:36,18.42,66.94
0,2020-12-11 13:25:38,18.42,66.94
0,2020-12-11 13:25:39,18.42,66.94
0,2020-12-11 13:25:41,18.41,66.94
0,2020-12-11 13:25:43,18.41,66.94
0,2020-12-11 13:25:44,18.41,66.94
0,2020-12-11 13:25:46,18.41,66.94
0,2020-12-11 13:25:48,18.41,66.94
0,2020-12-11 13:25:49,18.41,66.94
0,2020-12-11 13:25:51,18.41,66.94
0,2020-12-11 13:25:52,18.41,66.94
0,2020-12-11 13:25:54,18.41,66.94
0,2020-12-11 13:25:55,18.41,66.94
0,2020-12-11 13:25:57,18.41,66.94
0,2020-12-11 13:25:59,18.41,66.94
0,2020-12-11 13:26:00,18.41,66.94
0,2020-12-11 13:26:02,18.41,66.94
0,2020-12-11 13:26:04,18.41,66.94
0,2020-12-11 13:26:06,18.41,66.94
0,2020-12-11 13:26:07,18.41,66.94
0,2020-12-11 13:26:09,18.41,66.94
0,2020-12-11 13:26:12,18.41,66.94
0,2020-12-11 13:26:16,18.41,66.94
0,2020-12-11 13:26:19,18.41,66.94
0,2020-12-11 13:26:22,18.41,66.94
0,2020-12-11 13:26:25,18.41,66.94
0,2020-12-11 13:26:29,18.41,66.94
0,2020-12-11 13:26:31,18.41,66.94
0,2020-12-11 13:26:35,18.41,66.94
0,2020-12-11 13:26:37,18.41,66.94
0,2020-12-11 13:26:41,18.41,66.94
0,2020-12-11 13:26:44,18.41,66.94
0,2020-12-11 13:26:47,18.41,66.94
0,2020-12-11 13:26:50,18.41,66.94
0,2020-12-11 13:26:54,18.41,66.94
0,2020-12-11 13:26:57,18.41,66.94
0,2020-12-11 13:27:00,18.40,66.94
0,2020-12-11 13:27:03,18.40,66.94
0,2020-12-11 13:27:06,18.40,66.94
0,2020-12-11 13:27:09,18.40,66.94
0,2020-12-11 13:27:12,18.39,66.94
0,2020-12-11 13:27:16,18.40,66.94
0,2020-12-11 13:27:19,18.40,66.94
0,2020-12-11 13:27:22,18.40,66.94
0,2020-12-11 13:27:26,18.40,66.94
0,2020-12-11 13:27:29,18.40,66.94
0,2020-12-11 13:27:32,18.39,66.94
0,2020-12-11 13:27:35,18.39,66.94
0,2020-12-11 13:27:38,18.39,66.94
0,2020-12-11 13:27:42,18.39,66.94
0,2020-12-11 13:27:45,18.39,66.94
0,2020-12-11 13:27:48,18.39,66.94
0,2020-12-11 13:27:52,18.39,66.94
0,2020-12-11 13:27:55,18.39,66.94
0,2020-12-11 13:27:58,18.39,66.94
0,2020-12-11 13:28:01,18.39,66.94
0,2020-12-11 13:28:05,18.39,66.94
0,2020-12-11 13:28:09,18.39,66.94
0,2020-12-11 13:28:12,18.39,66.94
0,2020-12-11 13:28:15,18.39,66.94
0,2020-12-11 13:28:18,18.39,66.94
0,2020-12-11 13:28:30,18.39,66.94
0,2020-12-11 13:28:33,18.39,66.94
0,2020-12-11 13:28:36,18.39,66.94
0,2020-12-11 13:28:39,18.39,66.94
0,2020-12-11 13:28:42,18.39,66.94
0,2020-12-11 13:28:45,18.39,66.94
0,2020-12-11 13:28:48,18.39,66.94
0,2020-12-11 13:28:51,18.40,66.94
0,2020-12-11 13:28:54,18.41,66.94
0,2020-12-11 13:28:57,18.41,66.94
0,2020-12-11 13:29:00,18.41,66.92
0,2020-12-11 13:29:03,18.41,66.92
0,2020-12-11 13:29:06,18.41,66.92
0,2020-12-11 13:29:10,18.41,66.92
0,2020-12-11 13:29:13,18.41,66.92
0,2020-12-11 13:29:16,18.41,66.94
0,2020-12-11 13:29:19,18.41,66.94
0,2020-12-11 13:29:22,18.41,66.94
0,2020-12-11 13:29:25,18.41,66.94
0,2020-12-11 13:29:28,18.41,66.94
0,2020-12-11 13:29:31,18.41,66.94
0,2020-12-11 13:29:34,18.41,66.94
0,2020-12-11 13:29:37,18.41,66.94
0,2020-12-11 13:29:40,18.41,66.94
0,2020-12-11 13:29:43,18.41,66.94
0,2020-12-11 13:29:46,18.41,66.94
0,2020-12-11 13:29:49,18.41,66.94
0,2020-12-11 13:29:52,18.41,66.94
0,2020-12-11 13:29:55,18.41,66.94
0,2020-12-11 13:29:58,18.41,66.94
0,2020-12-11 13:30:01,18.41,66.94
0,2020-12-11 13:30:04,18.41,66.94
0,2020-12-11 13:30:08,18.41,66.94
0,2020-12-14 12:10:02,18.74,67.50
0,2020-12-14 12:10:03,18.74,67.50
0,2020-12-14 12:10:05,18.74,67.50
0,2020-12-14 12:10:06,18.74,67.50
0,2020-12-14 12:10:08,18.74,67.50
0,2020-12-14 12:10:09,18.74,67.50
0,2020-12-14 12:10:11,18.74,67.50
0,2020-12-14 12:10:12,18.74,67.50
0,2020-12-14 12:10:14,18.74,67.50
0,2020-12-14 12:10:16,18.74,67.50
0,2020-12-14 12:10:17,18.74,67.50
0,2020-12-14 12:10:19,18.74,67.50
0,2020-12-14 12:10:20,18.74,67.50
0,2020-12-14 12:10:22,18.74,67.50
0,2020-12-14 12:10:23,18.74,67.50
0,2020-12-14 12:10:25,18.74,67.50
0,2020-12-14 12:10:26,18.74,67.50
0,2020-12-14 12:10:28,18.74,67.50
0,2020-12-14 12:10:29,18.74,67.50
0,2020-12-14 12:10:31,18.74,67.50
0,2020-12-14 12:10:32,18.74,67.50
0,2020-12-14 12:10:34,18.74,67.50
0,2020-12-14 12:10:35,18.74,67.50
0,2020-12-14 12:10:37,18.74,67.50
0,2020-12-14 12:10:39,18.74,67.48
0,2020-12-14 12:10:40,18.74,67.48
0,2020-12-14 12:10:42,18.74,67.48
0,2020-12-14 12:10:43,18.74,67.48
0,2020-12-14 12:10:44,18.74,67.48
0,2020-12-14 12:10:45,18.74,67.48
0,2020-12-14 12:10:47,18.74,67.48
0,2020-12-14 12:10:48,18.74,67.48
0,2020-12-14 12:10:50,18.74,67.48
0,2020-12-14 12:10:51,18.74,67.48
0,2020-12-14 12:10:53,18.74,67.48
0,2020-12-14 12:10:54,18.74,67.48
0,2020-12-14 12:10:55,18.74,67.48
0,2020-12-14 12:10:56,18.74,67.48
0,2020-12-14 12:10:58,18.74,67.48
0,2020-12-14 12:10:59,18.74,67.48
0,2020-12-14 12:11:01,18.74,67.48
0,2020-12-14 12:11:03,18.74,67.48
0,2020-12-14 12:11:04,18.74,67.48
0,2020-12-14 12:11:06,18.74,67.48
0,2020-12-14 12:11:07,18.74,67.48
0,2020-12-14 12:11:08,18.74,67.48
0,2020-12-14 12:11:09,18.74,67.48
0,2020-12-14 12:11:11,18.74,67.48
0,2020-12-14 12:11:12,18.74,67.48
0,2020-12-14 12:11:14,18.74,67.48
0,2020-12-14 12:11:15,18.74,67.48
0,2020-12-14 12:11:16,18.74,67.48
0,2020-12-14 12:11:18,18.74,67.48
0,2020-12-14 12:11:19,18.74,67.48
0,2020-12-14 12:11:21,18.74,67.48
0,2020-12-14 12:11:22,18.74,67.48
0,2020-12-14 12:11:24,18.74,67.48
0,2020-12-14 12:11:25,18.74,67.48
0,2020-12-14 12:11:27,18.74,67.48
0,2020-12-14 12:11:28,18.74,67.48
0,2020-12-14 12:11:29,18.74,67.48
0,2020-12-14 12:11:31,18.74,67.48
0,2020-12-14 12:11:32,18.74,67.48
0,2020-12-14 12:11:36,18.74,67.48
0,2020-12-14 12:11:39,18.74,67.48
0,2020-12-14 12:11:43,18.74,67.48
0,2020-12-14 12:11:46,18.74,67.48
0,2020-12-14 12:11:49,18.74,67.48
0,2020-12-14 12:11:53,18.74,67.48
0,2020-12-14 12:11:56,18.74,67.48
0,2020-12-14 12:11:59,18.74,67.46
0,2020-12-14 12:12:03,18.74,67.46
0,2020-12-14 12:12:05,18.74,67.44
0,2020-12-14 12:12:08,18.74,67.44
0,2020-12-14 12:12:12,18.74,67.44
0,2020-12-14 12:12:15,18.74,67.44
0,2020-12-14 12:12:19,18.74,67.42
0,2020-12-14 12:12:22,18.74,67.42
0,2020-12-14 12:12:25,18.73,67.42
0,2020-12-14 12:12:30,18.73,67.42
0,2020-12-14 12:12:33,18.73,67.42
0,2020-12-14 12:12:36,18.73,67.42
0,2020-12-14 12:12:38,18.73,67.42
0,2020-12-14 12:12:42,18.73,67.42
0,2020-12-14 12:12:44,18.73,67.42
0,2020-12-14 12:12:47,18.73,67.42
0,2020-12-14 12:12:50,18.73,67.42
0,2020-12-14 12:12:53,18.73,67.42
0,2020-12-14 12:12:56,18.73,67.42
0,2020-12-14 12:12:59,18.73,67.42
0,2020-12-14 12:13:02,18.73,67.42
0,2020-12-14 12:13:06,18.73,67.42
0,2020-12-14 12:13:08,18.73,67.42
0,2020-12-14 12:13:12,18.73,67.42
0,2020-12-14 12:13:15,18.73,67.42
0,2020-12-14 12:13:18,18.73,67.42
0,2020-12-14 12:13:20,18.73,67.42
0,2020-12-14 12:13:23,18.73,67.42
0,2020-12-14 12:13:27,18.74,67.42
0,2020-12-14 12:13:29,18.74,67.42
0,2020-12-14 12:14:21,18.74,67.42
0,2020-12-14 12:14:24,18.74,67.42
0,2020-12-14 12:14:27,18.74,67.42
0,2020-12-14 12:14:30,18.74,67.42
0,2020-12-14 12:14:33,18.74,67.42
0,2020-12-14 12:14:36,18.74,67.42
0,2020-12-14 12:14:39,18.74,67.42
0,2020-12-14 12:14:42,18.74,67.42
0,2020-12-14 12:14:46,18.74,67.42
0,2020-12-14 12:14:49,18.74,67.42
0,2020-12-14 12:14:53,18.74,67.42
0,2020-12-14 12:14:55,18.74,67.42
0,2020-12-14 12:14:59,18.74,67.42
0,2020-12-14 12:15:02,18.74,67.42
0,2020-12-14 12:15:05,18.74,67.42
0,2020-12-14 12:15:08,18.74,67.42
0,2020-12-14 12:15:11,18.74,67.42
0,2020-12-14 12:15:14,18.74,67.42
0,2020-12-14 12:15:17,18.74,67.42
0,2020-12-14 12:15:20,18.74,67.42
0,2020-12-14 12:15:23,18.74,67.42
0,2020-12-14 12:15:26,18.74,67.42
0,2020-12-14 12:15:29,18.74,67.42
0,2020-12-14 12:15:32,18.74,67.42
0,2020-12-14 12:15:35,18.74,67.42
0,2020-12-14 12:15:38,18.74,67.42
0,2020-12-14 12:15:41,18.74,67.42
0,2020-12-14 12:15:43,18.74,67.42
0,2020-12-14 12:15:46,18.74,67.42
0,2020-12-14 12:15:50,18.74,67.42
0,2020-12-14 12:15:53,18.74,67.42
0,2020-12-14 12:15:56,18.74,67.42
0,2020-12-14 12:15:58,18.74,67.42
0,2020-12-14 12:16:01,18.74,67.42
0,2020-12-14 12:16:04,18.74,67.42
0,2020-12-14 12:16:07,18.74,67.42
0,2020-12-14 12:16:11,18.74,67.42
0,2020-12-14 12:16:14,18.74,67.42
0,2020-12-14 12:16:18,18.74,67.42
0,2020-12-14 12:16:21,18.74,67.40
0,2020-12-14 12:16:25,18.74,67.40
0,2020-12-14 12:16:28,18.74,67.40
0,2020-12-14 12:16:31,18.74,67.40
0,2020-12-14 12:16:34,18.74,67.40
0,2020-12-14 12:16:37,18.74,67.40
0,2020-12-14 12:16:41,18.74,67.40
0,2020-12-14 12:16:44,18.74,67.40
0,2020-12-14 12:16:47,18.74,67.40
0,2020-12-14 12:16:50,18.74,67.40
0,2020-12-14 12:16:53,18.73,67.40
0,2020-12-14 12:16:55,18.73,67.40
0,2020-12-14 12:16:58,18.73,67.40
0,2020-12-14 12:17:01,18.73,67.40
0,2020-12-14 12:17:04,18.73,67.40
0,2020-12-14 12:17:07,18.73,67.40
0,2020-12-14 12:17:10,18.73,67.40
0,2020-12-14 12:17:13,18.73,67.40
0,2020-12-14 12:17:16,18.73,67.40
0,2020-12-14 12:17:18,18.73,67.40
0,2020-12-14 12:17:21,18.73,67.40
0,2020-12-14 12:17:24,18.73,67.40
0,2020-12-14 12:17:28,18.73,67.40
0,2020-12-14 12:17:31,18.73,67.40
0,2020-12-14 12:17:34,18.73,67.40
0,2020-12-14 12:17:37,18.73,67.40
0,2020-12-14 12:17:39,18.73,67.40
0,2020-12-14 12:17:42,18.73,67.40
0,2020-12-14 12:17:45,18.73,67.40
0,2020-12-14 12:17:49,18.73,67.40
0,2020-12-14 12:17:52,18.73,67.40
0,2020-12-14 12:17:54,18.73,67.40
0,2020-12-14 12:17:57,18.73,67.40
0,2020-12-14 12:18:00,18.73,67.40
0,2020-12-14 12:18:02,18.73,67.40
0,2020-12-14 12:18:05,18.73,67.40
0,2020-12-14 12:18:08,18.73,67.42
0,2020-12-14 12:18:10,18.73,67.42
0,2020-12-14 12:18:14,18.73,67.42
0,2020-12-14 12:18:17,18.73,67.42
0,2020-12-14 12:18:20,18.73,67.42
0,2020-12-14 12:18:23,18.73,67.42
0,2020-12-14 12:18:25,18.73,67.42
0,2020-12-14 12:18:28,18.73,67.42
0,2020-12-14 12:18:32,18.73,67.42
0,2020-12-14 12:18:36,18.73,67.42
0,2020-12-14 12:18:38,18.73,67.42
0,2020-12-14 12:18:41,18.72,67.42
0,2020-12-14 12:18:44,18.72,67.42
0,2020-12-14 12:18:47,18.72,67.42
0,2020-12-14 12:18:50,18.72,67.42
0,2020-12-14 12:18:54,18.72,67.44
0,2020-12-14 12:18:57,18.72,67.44
0,2020-12-14 12:19:00,18.72,67.44
0,2020-12-14 12:19:03,18.72,67.44
0,2020-12-14 12:19:06,18.72,67.44
0,2020-12-14 12:19:09,18.72,67.44
0,2020-12-14 12:19:12,18.72,67.44
0,2020-12-14 12:19:15,18.72,67.44
0,2020-12-14 12:19:18,18.72,67.44
0,2020-12-14 12:19:21,18.72,67.44
0,2020-12-14 12:37:48,18.71,67.36
0,2020-12-14 12:37:50,18.72,67.36
0,2020-12-14 12:37:52,18.72,67.36
0,2020-12-14 12:37:54,18.72,67.36
0,2020-12-14 12:37:57,18.72,67.36
0,2020-12-14 12:37:59,18.72,67.36
0,2020-12-14 12:38:00,18.72,67.36
0,2020-12-14 12:38:02,18.72,67.36
0,2020-12-14 12:38:03,18.72,67.36
0,2020-12-14 12:38:05,18.72,67.36
0,2020-12-14 12:38:06,18.72,67.36
0,2020-12-14 12:38:08,18.72,67.36
0,2020-12-14 12:38:09,18.72,67.36
0,2020-12-14 12:38:11,18.72,67.36
0,2020-12-14 12:38:12,18.72,67.36
0,2020-12-14 12:38:14,18.72,67.36
0,2020-12-14 12:38:16,18.72,67.36
0,2020-12-14 12:38:17,18.72,67.36
0,2020-12-14 12:38:19,18.72,67.36
0,2020-12-14 12:38:20,18.72,67.36
0,2020-12-14 12:38:21,18.72,67.38
0,2020-12-14 12:38:23,18.72,67.38
0,2020-12-14 12:38:24,18.72,67.38
0,2020-12-14 12:38:26,18.72,67.38
0,2020-12-14 12:38:27,18.72,67.38
0,2020-12-14 12:38:28,18.72,67.38
0,2020-12-14 12:38:30,18.72,67.38
0,2020-12-14 12:38:31,18.72,67.38
0,2020-12-14 12:38:32,18.72,67.38
0,2020-12-14 12:38:34,18.72,67.36
0,2020-12-14 12:38:35,18.72,67.36
0,2020-12-14 12:38:37,18.72,67.36
0,2020-12-14 12:38:38,18.72,67.36
0,2020-12-14 12:38:39,18.72,67.36
0,2020-12-14 12:38:40,18.72,67.36
0,2020-12-14 12:38:42,18.72,67.36
0,2020-12-14 12:38:44,18.72,67.36
0,2020-12-14 12:38:45,18.72,67.36
0,2020-12-14 12:38:46,18.72,67.36
0,2020-12-14 12:38:48,18.72,67.36
0,2020-12-14 12:38:49,18.72,67.36
0,2020-12-14 12:38:50,18.72,67.36
0,2020-12-14 12:38:51,18.72,67.36
0,2020-12-14 12:38:53,18.72,67.36
0,2020-12-14 12:38:54,18.72,67.36
0,2020-12-14 12:38:55,18.72,67.36
0,2020-12-14 12:38:56,18.72,67.36
0,2020-12-14 12:38:58,18.72,67.36
0,2020-12-14 12:38:59,18.72,67.36
0,2020-12-14 12:39:03,18.72,67.36
0,2020-12-14 12:39:06,18.72,67.36
0,2020-12-14 12:39:09,18.73,67.36
0,2020-12-14 12:39:13,18.73,67.38
0,2020-12-14 12:39:16,18.73,67.36
0,2020-12-14 12:39:18,18.74,67.36
0,2020-12-14 12:39:21,18.74,67.36
0,2020-12-14 12:39:25,18.74,67.36
0,2020-12-14 12:39:28,18.74,67.36
0,2020-12-14 12:39:31,18.74,67.36
0,2020-12-14 12:39:33,18.74,67.36
0,2020-12-14 12:39:36,18.74,67.36
0,2020-12-14 12:39:39,18.74,67.36
0,2020-12-14 12:39:43,18.74,67.36
0,2020-12-14 12:39:45,18.74,67.36
0,2020-12-14 12:39:48,18.74,67.36
0,2020-12-14 12:39:51,18.74,67.36
0,2020-12-14 12:39:54,18.74,67.36
0,2020-12-14 12:39:57,18.74,67.36
0,2020-12-14 12:40:00,18.74,67.36
0,2020-12-14 12:40:03,18.74,67.36
0,2020-12-14 12:40:06,18.74,67.38
0,2020-12-14 12:40:09,18.74,67.38
0,2020-12-14 12:40:12,18.74,67.38
0,2020-12-14 12:40:14,18.74,67.38
0,2020-12-14 12:40:17,18.74,67.38
0,2020-12-14 12:40:20,18.74,67.38
0,2020-12-14 12:40:23,18.74,67.38
0,2020-12-14 12:40:27,18.74,67.38
0,2020-12-14 12:40:29,18.74,67.38
0,2020-12-14 12:40:32,18.74,67.38
0,2020-12-14 12:40:35,18.74,67.38
0,2020-12-14 12:40:39,18.74,67.38
0,2020-12-14 12:40:42,18.74,67.38
0,2020-12-14 12:40:45,18.74,67.38
0,2020-12-14 12:40:47,18.74,67.38
0,2020-12-14 12:40:50,18.74,67.38
0,2020-12-14 12:40:54,18.74,67.38
0,2020-12-14 12:40:57,18.74,67.38
0,2020-12-14 12:41:00,18.74,67.38
0,2020-12-14 12:41:03,18.74,67.38
0,2020-12-14 12:41:06,18.74,67.38
0,2020-12-14 12:41:09,18.74,67.38
0,2020-12-14 12:41:13,18.74,67.38
0,2020-12-14 12:41:16,18.74,67.38
0,2020-12-14 12:41:19,18.74,67.38
0,2020-12-14 12:41:22,18.74,67.38
0,2020-12-14 12:41:25,18.74,67.38
0,2020-12-14 12:41:28,18.74,67.38
0,2020-12-14 12:41:30,18.74,67.38
0,2020-12-14 12:41:34,18.74,67.38
0,2020-12-14 12:47:21,18.76,67.34
0,2020-12-14 12:47:25,18.76,67.34
0,2020-12-14 12:47:28,18.76,67.34
0,2020-12-14 12:47:32,18.76,67.34
0,2020-12-14 12:47:35,18.76,67.34
0,2020-12-14 12:47:38,18.76,67.34
0,2020-12-14 12:47:41,18.76,67.34
0,2020-12-14 12:47:44,18.75,67.34
0,2020-12-14 12:47:47,18.75,67.34
0,2020-12-14 12:47:50,18.75,67.34
0,2020-12-14 12:47:53,18.75,67.34
0,2020-12-14 12:47:56,18.75,67.34
0,2020-12-14 12:47:59,18.75,67.34
0,2020-12-14 12:48:02,18.75,67.34
0,2020-12-14 12:48:06,18.75,67.34
0,2020-12-14 12:48:09,18.75,67.34
0,2020-12-14 12:48:11,18.75,67.36
0,2020-12-14 12:48:14,18.75,67.36
0,2020-12-14 12:48:17,18.75,67.36
0,2020-12-14 12:48:20,18.75,67.36
0,2020-12-14 12:48:23,18.75,67.36
0,2020-12-14 12:48:26,18.75,67.38
0,2020-12-14 12:48:29,18.75,67.38
0,2020-12-14 12:48:33,18.75,67.38
0,2020-12-14 12:48:36,18.75,67.38
0,2020-12-14 12:48:38,18.75,67.38
0,2020-12-14 12:48:41,18.75,67.38
0,2020-12-14 12:48:44,18.75,67.38
0,2020-12-14 12:48:47,18.75,67.38
0,2020-12-14 12:48:50,18.75,67.38
0,2020-12-14 12:48:53,18.76,67.38
0,2020-12-14 12:48:56,18.76,67.38
0,2020-12-14 12:48:59,18.76,67.38
0,2020-12-14 12:49:02,18.76,67.38
0,2020-12-14 12:49:04,18.76,67.38
0,2020-12-14 12:49:08,18.76,67.38
0,2020-12-14 12:49:10,18.76,67.38
0,2020-12-14 12:49:14,18.76,67.38
0,2020-12-14 12:49:17,18.76,67.38
0,2020-12-14 12:49:20,18.76,67.38
0,2020-12-14 12:49:23,18.76,67.38
0,2020-12-14 12:49:26,18.76,67.38
0,2020-12-14 12:49:29,18.76,67.38
0,2020-12-14 12:49:32,18.76,67.38
0,2020-12-14 12:49:36,18.76,67.38
0,2020-12-14 12:49:39,18.76,67.38
0,2020-12-14 12:49:42,18.76,67.38
0,2020-12-14 12:49:45,18.76,67.40
0,2020-12-14 12:49:48,18.76,67.40
0,2020-12-14 12:49:51,18.76,67.40
0,2020-12-14 12:49:54,18.76,67.42
0,2020-12-14 12:49:57,18.76,67.42
0,2020-12-14 12:50:00,18.76,67.42
0,2020-12-14 12:50:03,18.76,67.42
0,2020-12-14 12:50:06,18.76,67.42
0,2020-12-14 12:50:09,18.76,67.42
0,2020-12-14 12:50:12,18.76,67.42
0,2020-12-14 12:50:16,18.76,67.42
0,2020-12-14 12:50:18,18.76,67.42
0,2020-12-14 12:50:21,18.76,67.42
0,2020-12-14 12:50:25,18.76,67.42
0,2020-12-14 12:50:27,18.76,67.42
0,2020-12-14 12:50:30,18.76,67.42
0,2020-12-14 12:50:33,18.76,67.42
0,2020-12-14 12:50:36,18.76,67.42
0,2020-12-14 12:50:39,18.76,67.42
0,2020-12-14 12:50:42,18.76,67.42
0,2020-12-14 12:50:45,18.76,67.46
0,2020-12-14 12:50:48,18.76,67.46
0,2020-12-14 12:50:51,18.76,67.46
0,2020-12-14 12:50:54,18.76,67.46
0,2020-12-14 12:50:57,18.76,67.46
0,2020-12-14 12:51:00,18.76,67.46
0,2020-12-14 12:51:03,18.76,67.46
0,2020-12-14 12:51:05,18.76,67.44
0,2020-12-14 12:51:08,18.76,67.44
0,2020-12-14 12:51:11,18.76,67.44
0,2020-12-14 12:51:14,18.76,67.44
0,2020-12-14 12:51:16,18.76,67.44
0,2020-12-14 12:51:20,18.76,67.44
0,2020-12-14 12:51:23,18.76,67.44
0,2020-12-14 12:51:26,18.75,67.44
0,2020-12-14 12:51:29,18.75,67.44
0,2020-12-14 12:51:32,18.75,67.44
0,2020-12-14 12:51:34,18.75,67.44
0,2020-12-14 12:51:37,18.76,67.44
0,2020-12-14 12:51:40,18.76,67.44
0,2020-12-14 12:51:43,18.76,67.44
0,2020-12-14 12:51:46,18.76,67.44
0,2020-12-14 12:51:49,18.76,67.44
0,2020-12-14 12:51:51,18.76,67.44
0,2020-12-14 12:51:54,18.76,67.44
0,2020-12-14 12:51:57,18.76,67.44
0,2020-12-14 12:52:00,18.76,67.44
0,2020-12-14 12:52:03,18.76,67.44
0,2020-12-14 12:52:06,18.76,67.44
0,2020-12-14 12:52:09,18.76,67.44
0,2020-12-14 12:52:12,18.76,67.44
0,2020-12-14 12:52:15,18.76,67.44
0,2020-12-14 12:52:18,18.75,67.44
0,2020-12-14 12:54:39,18.76,67.46
0,2020-12-14 12:54:42,18.76,67.46
0,2020-12-14 12:54:45,18.76,67.46
0,2020-12-14 12:54:48,18.76,67.46
0,2020-12-14 12:54:51,18.76,67.46
0,2020-12-14 12:54:54,18.76,67.46
0,2020-12-14 12:54:57,18.76,67.46
0,2020-12-14 12:55:00,18.78,67.46
0,2020-12-14 12:55:03,18.78,67.46
0,2020-12-14 12:55:06,18.78,67.46
0,2020-12-14 12:55:09,18.78,67.46
0,2020-12-14 12:55:12,18.78,67.46
0,2020-12-14 12:55:15,18.78,67.46
0,2020-12-14 12:55:18,18.78,67.46
0,2020-12-14 12:55:21,18.78,67.46
0,2020-12-14 12:55:24,18.78,67.46
0,2020-12-14 12:55:27,18.78,67.46
0,2020-12-14 12:55:30,18.78,67.46
0,2020-12-14 12:55:33,18.78,67.46
0,2020-12-14 12:55:36,18.78,67.46
0,2020-12-14 12:55:39,18.77,67.46
0,2020-12-14 12:55:42,18.77,67.46
0,2020-12-14 12:55:45,18.77,67.46
0,2020-12-14 12:55:48,18.77,67.46
0,2020-12-14 12:55:51,18.77,67.46
0,2020-12-14 12:55:55,18.77,67.46
0,2020-12-14 12:55:57,18.77,67.46
0,2020-12-14 12:56:00,18.77,67.46
0,2020-12-14 12:56:02,18.77,67.46
0,2020-12-14 12:56:06,18.77,67.46
0,2020-12-14 12:56:09,18.77,67.46
0,2020-12-14 12:56:12,18.77,67.46
0,2020-12-14 12:56:15,18.77,67.46
0,2020-12-14 12:56:17,18.77,67.46
0,2020-12-14 12:56:20,18.77,67.46
0,2020-12-14 12:56:23,18.77,67.46
0,2020-12-14 12:56:26,18.77,67.48
0,2020-12-14 12:56:29,18.77,67.48
0,2020-12-14 12:56:31,18.77,67.48
0,2020-12-14 12:56:34,18.77,67.48
0,2020-12-14 12:56:38,18.77,67.48
0,2020-12-14 12:56:41,18.77,67.48
0,2020-12-14 12:56:44,18.77,67.52
0,2020-12-14 12:56:47,18.78,67.52
0,2020-12-14 12:56:50,18.78,67.52
0,2020-12-14 12:56:53,18.78,67.52
0,2020-12-14 12:56:56,18.78,67.52
0,2020-12-14 12:56:59,18.78,67.52
0,2020-12-14 12:57:02,18.78,67.54
0,2020-12-14 12:57:05,18.78,67.54
0,2020-12-14 12:57:08,18.78,67.54
0,2020-12-14 12:57:11,18.78,67.54
0,2020-12-14 12:57:13,18.78,67.54
0,2020-12-14 12:57:16,18.78,67.54
0,2020-12-14 12:57:19,18.77,67.54
0,2020-12-14 12:57:21,18.77,67.54
0,2020-12-14 12:57:25,18.77,67.54
0,2020-12-14 12:57:27,18.77,67.54
0,2020-12-14 12:57:30,18.77,67.54
0,2020-12-14 12:57:33,18.77,67.54
0,2020-12-14 12:57:35,18.77,67.54
0,2020-12-14 12:57:38,18.77,67.54
0,2020-12-14 12:57:41,18.78,67.54
0,2020-12-14 12:57:44,18.78,67.54
0,2020-12-14 12:57:47,18.78,67.54
0,2020-12-14 12:57:50,18.78,67.54
0,2020-12-14 12:57:52,18.78,67.54
0,2020-12-14 12:57:55,18.78,67.54
0,2020-12-14 12:57:58,18.78,67.54
0,2020-12-14 12:58:01,18.78,67.54
0,2020-12-14 12:58:04,18.78,67.54
0,2020-12-14 12:58:07,18.78,67.54
0,2020-12-14 12:58:11,18.78,67.54
0,2020-12-14 12:58:13,18.78,67.54
0,2020-12-14 12:58:16,18.78,67.54
0,2020-12-14 12:58:19,18.78,67.54
0,2020-12-14 12:58:22,18.76,67.54
0,2020-12-14 12:58:25,18.76,67.54
0,2020-12-14 12:58:28,18.76,67.54
0,2020-12-14 12:58:30,18.76,67.54
0,2020-12-14 12:58:33,18.76,67.54
0,2020-12-14 12:58:36,18.76,67.54
0,2020-12-14 12:58:38,18.76,67.54
0,2020-12-14 12:58:41,18.77,67.54
0,2020-12-14 12:58:44,18.77,67.54
0,2020-12-14 12:58:47,18.77,67.54
0,2020-12-14 12:58:51,18.77,67.54
0,2020-12-14 12:58:54,18.77,67.56
0,2020-12-14 12:58:57,18.77,67.56
0,2020-12-14 12:59:00,18.77,67.56
0,2020-12-14 12:59:03,18.77,67.56
0,2020-12-14 12:59:06,18.77,67.56
0,2020-12-14 12:59:09,18.77,67.56
0,2020-12-14 12:59:13,18.77,67.56
0,2020-12-14 12:59:16,18.77,67.56
0,2020-12-14 12:59:18,18.77,67.56
0,2020-12-14 12:59:21,18.77,67.58
0,2020-12-14 12:59:24,18.77,67.58
0,2020-12-14 12:59:27,18.77,67.58
0,2020-12-14 12:59:30,18.77,67.58
0,2020-12-14 16:12:04,18.91,67.54
0,2020-12-14 16:12:06,18.91,67.54
0,2020-12-14 16:12:07,18.91,67.54
0,2020-12-14 16:12:09,18.91,67.54
0,2020-12-14 16:12:11,18.91,67.54
0,2020-12-14 16:12:12,18.91,67.54
0,2020-12-14 16:12:14,18.91,67.54
0,2020-12-14 16:12:15,18.91,67.54
0,2020-12-14 16:12:17,18.91,67.54
0,2020-12-14 16:12:19,18.91,67.54
0,2020-12-14 16:12:21,18.91,67.54
0,2020-12-14 16:12:22,18.91,67.54
0,2020-12-14 16:12:23,18.91,67.54
0,2020-12-14 16:12:25,18.91,67.54
0,2020-12-14 16:12:27,18.91,67.54
0,2020-12-14 16:12:29,18.91,67.54
0,2020-12-14 16:12:31,18.91,67.54
0,2020-12-14 16:12:32,18.92,67.54
0,2020-12-14 16:12:33,18.92,67.54
0,2020-12-14 16:12:35,18.92,67.54
0,2020-12-14 16:12:36,18.92,67.54
0,2020-12-14 16:12:38,18.92,67.54
0,2020-12-14 16:12:39,18.92,67.54
0,2020-12-14 16:12:40,18.92,67.54
0,2020-12-14 16:12:42,18.92,67.54
0,2020-12-14 16:12:44,18.92,67.54
0,2020-12-14 16:12:45,18.92,67.54
0,2020-12-14 16:12:47,18.92,67.54
0,2020-12-15 12:30:11,18.91,67.64
0,2020-12-15 12:30:13,18.91,67.64
0,2020-12-15 12:30:14,18.91,67.64
0,2020-12-15 12:30:16,18.91,67.64
0,2020-12-15 12:30:17,18.92,67.64
0,2020-12-15 12:30:19,18.92,67.64
0,2020-12-15 12:30:20,18.92,67.64
0,2020-12-15 12:30:22,18.92,67.64
0,2020-12-15 12:30:23,18.92,67.64
0,2020-12-15 12:30:25,18.92,67.64
0,2020-12-15 12:30:27,18.92,67.64
0,2020-12-15 12:30:28,18.92,67.64
0,2020-12-15 12:30:29,18.92,67.64
0,2020-12-15 12:30:30,18.92,67.64
0,2020-12-15 12:30:32,18.92,67.64
0,2020-12-15 12:30:33,18.92,67.64
0,2020-12-15 12:30:35,18.92,67.64
0,2020-12-15 12:30:36,18.92,67.64
0,2020-12-17 11:14:03,19.45,66.68
0,2020-12-17 11:14:05,19.45,66.68
0,2020-12-17 11:14:07,19.45,66.68
0,2020-12-17 11:14:10,19.45,66.68
0,2020-12-17 11:14:11,19.45,66.68
0,2020-12-17 11:14:13,19.45,66.68
0,2020-12-17 11:14:14,19.45,66.68
0,2020-12-17 11:14:16,19.45,66.68
0,2020-12-17 11:14:17,19.45,66.68
0,2020-12-17 11:14:19,19.45,66.68
0,2020-12-17 11:14:21,19.45,66.66
0,2020-12-17 11:14:22,19.45,66.66
0,2020-12-17 11:14:24,19.45,66.66
0,2020-12-17 11:14:26,19.45,66.66
0,2020-12-17 11:14:27,19.45,66.66
0,2020-12-17 11:14:29,19.45,66.66
0,2020-12-17 11:14:31,19.45,66.64
0,2020-12-17 11:14:32,19.45,66.64
0,2020-12-17 11:14:34,19.45,66.64
0,2020-12-17 11:14:35,19.45,66.64
0,2020-12-17 11:14:37,19.45,66.64
0,2020-12-17 11:14:39,19.45,66.64
0,2020-12-17 11:14:40,19.45,66.64
0,2020-12-17 11:14:42,19.45,66.64
0,2020-12-17 11:14:44,19.45,66.64
0,2020-12-17 11:14:45,19.45,66.64
0,2020-12-17 11:14:47,19.45,66.62
0,2020-12-17 11:14:48,19.45,66.62
0,2020-12-17 11:14:49,19.45,66.62
0,2020-12-17 11:14:51,19.45,66.62
0,2020-12-17 11:14:54,19.46,66.62
0,2020-12-17 11:14:57,19.46,66.62
0,2020-12-17 11:14:58,19.46,66.60
0,2020-12-17 11:15:00,19.46,66.60
0,2020-12-17 11:15:01,19.46,66.60
0,2020-12-17 11:15:03,19.46,66.60
0,2020-12-23 15:30:42,19.24,66.06
0,2020-12-23 15:30:45,19.24,66.06
0,2020-12-23 15:30:47,19.24,66.06
0,2020-12-23 15:30:49,19.24,66.04
0,2020-12-23 15:30:50,19.24,66.04
0,2020-12-23 15:30:52,19.24,66.04
0,2020-12-23 15:30:54,19.24,66.04
0,2020-12-23 15:30:56,19.24,66.04
0,2020-12-23 15:30:58,19.24,66.04
0,2020-12-23 15:30:59,19.24,66.04
0,2020-12-23 15:31:01,19.24,66.04
0,2020-12-23 15:31:02,19.24,66.04
0,2020-12-23 15:31:04,19.24,66.04
0,2020-12-23 15:31:05,19.24,66.04
0,2020-12-23 15:31:08,19.24,66.04
0,2020-12-23 15:31:09,19.24,66.04
0,2020-12-23 15:31:11,19.24,66.04
0,2020-12-23 15:31:13,19.24,66.04
0,2020-12-23 15:31:14,19.24,66.04
0,2020-12-23 15:31:16,19.24,66.04
0,2020-12-23 15:31:17,19.24,66.04
0,2020-12-23 15:31:20,19.24,66.04
0,2020-12-23 15:31:21,19.24,66.02
0,2020-12-23 15:31:23,19.24,66.02
0,2020-12-23 15:31:24,19.24,66.02
0,2020-12-23 15:31:26,19.24,66.02
0,2020-12-23 15:31:28,19.24,66.02
0,2020-12-23 15:31:29,19.24,66.02
0,2020-12-23 15:31:31,19.24,66.02
0,2020-12-23 15:31:33,19.24,66.02
0,2020-12-23 15:31:34,19.24,66.02
0,2020-12-23 15:31:36,19.24,66.02
0,2020-12-23 15:31:37,19.24,66.02
0,2020-12-23 15:31:39,19.24,66.02
0,2020-12-23 15:31:40,19.24,66.02
0,2020-12-23 15:31:43,19.24,66.02
0,2020-12-23 15:31:46,19.24,66.02
0,2020-12-23 15:31:47,19.24,66.02
0,2020-12-23 15:31:48,19.24,66.02
0,2020-12-23 15:31:50,19.24,66.02
0,2020-12-23 15:31:52,19.24,66.02
0,2020-12-23 15:31:53,19.24,66.02
0,2020-12-23 15:31:55,19.24,66.02
0,2020-12-23 15:31:57,19.24,66.02
0,2020-12-23 15:31:58,19.24,66.02
0,2020-12-23 15:32:00,19.24,66.02
0,2020-12-23 15:32:01,19.24,66.02
0,2020-12-23 15:32:03,19.24,66.02
0,2020-12-23 15:32:04,19.24,66.02
0,2020-12-23 15:32:06,19.24,66.02
0,2020-12-23 15:32:08,19.24,66.02
0,2020-12-23 15:32:10,19.24,66.02
0,2020-12-23 15:32:12,19.24,66.02
0,2020-12-23 15:32:13,19.24,66.02
0,2020-12-23 15:32:15,19.24,66.02
0,2020-12-23 15:32:16,19.24,66.02
0,2020-12-23 15:32:19,19.24,66.02
0,2020-12-23 15:32:21,19.24,66.02
0,2020-12-23 15:32:22,19.24,66.02
0,2020-12-23 15:32:23,19.24,66.02
0,2020-12-23 15:32:25,19.24,66.02
0,2020-12-23 15:32:27,19.24,66.02
0,2020-12-23 15:32:28,19.24,66.02
0,2020-12-23 15:32:30,19.24,66.02
0,2020-12-23 15:32:32,19.24,66.02
0,2020-12-23 15:32:36,19.24,66.02
0,2020-12-23 15:32:40,19.24,66.02
0,2020-12-23 15:32:43,19.25,66.02
0,2020-12-23 15:32:47,19.25,66.02
0,2020-12-23 15:32:50,19.25,66.02
0,2020-12-23 15:32:54,19.25,66.02
0,2020-12-23 15:32:58,19.25,66.02
0,2020-12-23 17:22:45,19.31,65.78
0,2020-12-23 17:22:48,19.31,65.78
0,2020-12-23 17:22:49,19.31,65.78
0,2020-12-23 17:22:51,19.31,65.78
0,2020-12-23 17:22:52,19.31,65.78
0,2020-12-23 17:22:54,19.31,65.78
0,2020-12-23 17:22:55,19.31,65.78
0,2020-12-23 17:22:57,19.31,65.78
0,2020-12-23 17:22:59,19.31,65.78
0,2020-12-23 17:23:00,19.31,65.78
0,2020-12-23 17:23:02,19.31,65.78
0,2020-12-23 17:23:03,19.31,65.78
0,2020-12-23 17:23:05,19.31,65.78
0,2020-12-23 17:23:06,19.31,65.78
0,2020-12-23 17:23:08,19.31,65.78
0,2020-12-23 17:23:10,19.31,65.78
0,2020-12-23 17:23:13,19.31,65.78
0,2020-12-23 17:23:15,19.31,65.78
0,2020-12-23 17:23:16,19.31,65.78
0,2020-12-23 17:23:18,19.31,65.78
0,2020-12-23 17:23:19,19.31,65.78
0,2020-12-23 17:23:21,19.31,65.78
0,2020-12-23 17:23:22,19.31,65.78
0,2020-12-23 17:23:24,19.31,65.78
0,2020-12-23 17:23:26,19.31,65.78
0,2020-12-23 17:23:28,19.32,65.78
0,2020-12-23 17:23:30,19.32,65.78
0,2020-12-23 17:23:31,19.32,65.78
0,2020-12-23 17:23:33,19.33,65.78
0,2020-12-23 17:23:34,19.32,65.76
0,2020-12-23 17:23:36,19.32,65.76
0,2020-12-23 17:23:38,19.32,65.76
0,2020-12-23 17:23:39,19.32,65.76
0,2020-12-23 17:23:41,19.32,65.76
0,2020-12-23 17:23:43,19.32,65.76
0,2020-12-23 17:23:44,19.32,65.76
0,2020-12-23 17:23:46,19.32,65.76
0,2020-12-23 17:23:48,19.32,65.74
0,2020-12-23 17:23:49,19.32,65.74
0,2020-12-23 17:23:50,19.32,65.74
0,2020-12-23 17:23:52,19.32,65.74
0,2020-12-23 17:23:54,19.32,65.74
0,2020-12-23 17:23:55,19.32,65.74
0,2020-12-23 17:23:57,19.32,65.74
0,2020-12-23 17:23:59,19.32,65.74
0,2020-12-23 17:24:01,19.32,65.74
0,2020-12-23 17:24:02,19.32,65.74
0,2020-12-23 17:24:04,19.32,65.74
0,2020-12-23 17:24:05,19.32,65.74
0,2020-12-23 17:24:07,19.32,65.74
0,2020-12-23 17:24:09,19.32,65.74
0,2020-12-23 17:24:10,19.32,65.74
0,2020-12-23 17:24:12,19.32,65.74
0,2020-12-23 17:24:14,19.32,65.74
0,2020-12-23 17:24:16,19.32,65.74
0,2020-12-23 17:24:18,19.32,65.74
